Roll Number,math score,reading score,writing score,group
226214376,0.3900235098032764,0.19399858403803502,0.3914918076496706,174
221041307,0.19207552648237824,1.4274759816659497,1.3132686840532009,188
226450904,1.577711409728665,1.7701085921181483,1.6424747113401759,83
229669582,-1.2595430178708746,-0.8338992473185606,-1.5837443560721798,4
224058636,0.6539541542311406,0.6051577165806732,0.45733301310706564,6
229471165,0.32404084869631034,0.9477903270328718,0.6548566294792506,55
223242756,1.445746087514733,1.7701085921181483,1.5766335058827807,184
226821728,-1.721421645619637,-1.7932705565847165,-1.9129503833591548,23
223514234,-0.13783777905245198,-0.35421359268548264,-0.06939663055209448,42
222693519,-1.853386967833569,-0.6283196810472415,-1.1886971233278096,62
224927836,-0.5337337456942483,-1.0394788135898796,-1.0570147124130196,68
227476509,-1.721421645619637,-1.176531857770759,-1.6495855615295747,164
225915266,-0.07185511794548592,0.8107372828519923,0.3256506021922756,69
229016075,0.7859194764450727,0.19399858403803502,0.12812698582009055,158
226028883,-1.0615950345499765,-1.1080053356803194,-0.6619674796686495,71
221091846,0.19207552648237824,0.3995781503093541,0.6548566294792506,143
226505018,1.445746087514733,1.35894945957551,1.1815862731384108,54
222022238,-3.1730401899728897,-2.547062299579553,-2.6372036433905,121
229179264,-1.3255256789778407,-1.861797078675156,-1.4520619451573897,152
227057737,-0.7976643901221123,-0.7653727252281208,-0.46444386329646453,68
222117681,-0.005872456838519888,-0.0115809822332841,-0.33276145238167454,74
226921484,-0.07185511794548592,0.3995781503093541,0.12812698582009055,160
229474847,-1.4574910011917728,-1.0394788135898796,-0.9911735069556247,88
225659093,0.19207552648237824,0.26252510612847474,0.3256506021922756,179
223536462,0.5219888320172085,0.1254720619475953,0.7865390403940407,61
227498637,0.45600617091024237,0.33105162821891443,0.25980939673488057,35
225081793,0.19207552648237824,-1.0394788135898796,-0.8594910960408346,15
225424281,0.060110204268446155,-0.0115809822332841,0.45733301310706564,46
223187094,0.2580581875893443,0.05694553985715561,-0.2010790414668845,124
227136293,-0.26980310126638407,0.05694553985715561,0.45733301310706564,52
224426416,0.19207552648237824,0.33105162821891443,0.3914918076496706,13
221166718,-0.203820440159418,-0.2856870705950429,-0.46444386329646453,116
226940290,-0.6656990679081803,0.19399858403803502,-0.2010790414668845,114
225823612,-1.721421645619637,-1.861797078675156,-1.97879158881655,185
224824148,2.0395900374774274,1.2218964153946306,0.9182214513088307,64
227281255,0.9838674597659707,0.8107372828519923,0.7206978349366456,94
228733220,0.5219888320172085,0.8107372828519923,0.9840626567662257,184
221427353,-1.0615950345499765,-0.35421359268548264,-0.5961262742112545,36
228673848,0.5879714931241745,1.4274759816659497,1.3132686840532009,186
229161490,-0.5997164068012143,-0.9024257694090002,-0.7278086851260446,99
227824729,-0.7316817290151464,-0.5597931589568017,-0.9253323014982296,156
223497740,-0.5337337456942483,0.26252510612847474,-0.0035554250946994654,189
222363359,-0.8636470512290784,-0.7653727252281208,-0.2010790414668845,136
226800803,-0.46775108458728215,-0.2856870705950429,-0.1352378360094895,15
222571837,-1.0615950345499765,-0.9024257694090002,-0.9253323014982296,124
225738386,-0.07185511794548592,-1.0394788135898796,-0.7278086851260446,41
226251426,-0.7316817290151464,-0.2856870705950429,-0.39860265783906956,46
229415577,-0.005872456838519888,0.1254720619475953,0.5231742185644607,14
228730072,-0.5997164068012143,0.33105162821891443,0.5231742185644607,161
225099280,1.0498501208729367,1.0163168491233114,0.9182214513088307,60
224188066,-0.8636470512290784,-0.97095229149944,-1.3203795342425997,177
224029463,0.7199368153381066,-0.0115809822332841,-0.0035554250946994654,34
222623995,-0.8636470512290784,-1.7247440344942766,-1.7154267669869698,75
222686879,1.445746087514733,0.6051577165806732,0.45733301310706564,195
229610757,0.32404084869631034,1.0163168491233114,1.2474274785958057,40
228201308,-2.183300273368399,-1.9303236007655957,-1.6495855615295747,175
225366392,1.0498501208729367,1.084843371213751,1.1815862731384108,11
228481156,-0.9296297123360444,-0.97095229149944,-1.2545383287852048,150
228580130,-0.5337337456942483,-0.6968462031376811,-0.6619674796686495,88
227480648,-4.360728089898279,-3.5749601309361485,-3.82234534162361,190
222642449,0.8519021375520386,0.33105162821891443,0.25980939673488057,0
226143826,-1.787404306726603,-2.067376644946475,-2.24215641064613,134
229599179,-0.26980310126638407,-0.5597931589568017,-0.8594910960408346,133
224139259,0.19207552648237824,0.7422107607615527,0.19396819127748557,129
227727346,-0.46775108458728215,-0.7653727252281208,-0.5961262742112545,165
228054660,0.060110204268446155,-0.35421359268548264,-0.46444386329646453,127
221896348,-1.3915083400848067,-2.2044296891273545,-2.044632794273945,151
228573314,-0.4017684234803161,0.19399858403803502,0.3914918076496706,139
221947048,-0.3357857623733501,-0.7653727252281208,-0.7936498905834396,137
223706173,-1.787404306726603,-0.35421359268548264,-0.7278086851260446,131
229298200,-0.5337337456942483,-0.4227401147759223,0.3256506021922756,137
221787264,-0.203820440159418,-0.97095229149944,-0.33276145238167454,78
226285541,-1.655438984512671,-1.2450583798611987,-1.3203795342425997,175
226344274,-0.3357857623733501,-0.8338992473185606,-0.7936498905834396,97
223096000,-1.1275776956569425,-1.3821114240420782,-1.7812679724443647,197
227868151,-1.4574910011917728,-1.9303236007655957,-1.97879158881655,195
222427447,-2.381248256689297,-2.9582214321221914,-3.03225087613487,31
223395525,0.9178847986590046,0.6051577165806732,0.8523802458514357,120
222250269,-0.3357857623733501,0.33105162821891443,0.25980939673488057,156
228820599,-0.26980310126638407,-0.08010750432372381,-0.0035554250946994654,191
223468539,-1.2595430178708746,-1.3821114240420782,-1.1886971233278096,150
229488106,-1.1275776956569425,-1.656217512403837,-1.5179031506147846,123
226678154,-1.0615950345499765,-1.5191644682229575,-0.9253323014982296,35
226471362,0.3900235098032764,-0.35421359268548264,-0.33276145238167454,144
228278988,-1.5894563234057049,-2.067376644946475,-2.24215641064613,75
226803778,0.45600617091024237,0.7422107607615527,0.9182214513088307,163
223428247,0.6539541542311406,0.9477903270328718,1.3132686840532009,173
221884222,0.32404084869631034,0.1254720619475953,0.3914918076496706,47
222831682,-0.5337337456942483,0.05694553985715561,-0.06939663055209448,24
223492194,0.45600617091024237,1.153369893304191,0.9182214513088307,50
229890499,-0.07185511794548592,0.19399858403803502,0.3914918076496706,66
221825880,-2.5791962400101953,-2.410009255398674,-2.1104739997313398,144
223140587,0.32404084869631034,0.6736842386711129,0.19396819127748557,72
225347582,-1.5234736622987388,-1.656217512403837,-1.1886971233278096,31
226367746,0.8519021375520386,1.153369893304191,1.5766335058827807,93
223536171,0.7859194764450727,0.8107372828519923,0.9182214513088307,2
225521369,-0.07185511794548592,-0.2171605485046032,-0.39860265783906956,16
226455179,-0.203820440159418,0.19399858403803502,0.12812698582009055,159
227561199,-0.5337337456942483,-0.1486340264141635,-0.39860265783906956,181
226315506,-0.07185511794548592,-0.1486340264141635,-0.39860265783906956,26
224816308,0.8519021375520386,-0.1486340264141635,-0.06939663055209448,83
228824751,0.1260928653754122,0.33105162821891443,0.3914918076496706,145
227766530,1.2477981041938349,1.4960025037563893,1.3791098895105958,163
227912381,-0.4017684234803161,-1.7247440344942766,-1.3862207396999948,166
225976193,2.1055726985843934,1.153369893304191,1.444951094967991,151
229296716,-0.5337337456942483,-0.1486340264141635,0.25980939673488057,132
226922773,1.379763426407767,2.112741202570347,2.103363149541941,38
221163450,-0.005872456838519888,-0.4227401147759223,-0.2669202469242795,96
221516094,-0.9296297123360444,0.4681046723997938,0.12812698582009055,38
224151511,0.2580581875893443,-0.35421359268548264,0.25980939673488057,138
227814882,0.7199368153381066,1.35894945957551,1.9716807386271509,179
223477621,-0.26980310126638407,-0.97095229149944,-1.2545383287852048,49
227781673,-0.7976643901221123,-1.1080053356803194,-1.3862207396999948,21
221500468,-0.9956123734430105,-0.7653727252281208,-0.9253323014982296,181
228266748,2.1715553596913595,2.112741202570347,2.103363149541941,5
222900918,1.1818154430868688,0.5366311944902336,0.3914918076496706,130
222313336,0.5879714931241745,1.084843371213751,0.9182214513088307,147
224883263,0.7859194764450727,0.8792638049424321,0.7206978349366456,107
221018640,-0.9956123734430105,-0.4227401147759223,-0.46444386329646453,4
227869418,-0.7316817290151464,-0.0115809822332841,-0.2010790414668845,190
227490003,0.8519021375520386,1.5645290258468292,1.3791098895105958,194
227694431,1.6436940708356311,1.35894945957551,1.5766335058827807,43
223299484,1.445746087514733,1.6330555479372688,1.6424747113401759,3
226416556,-0.203820440159418,-0.8338992473185606,-0.7936498905834396,117
225391805,1.1158327819799028,0.7422107607615527,0.3256506021922756,140
225446207,1.379763426407767,1.7701085921181483,1.1815862731384108,20
227290327,0.3900235098032764,-0.08010750432372381,-0.06939663055209448,149
227968156,-0.07185511794548592,0.5366311944902336,0.3914918076496706,115
225019779,1.0498501208729367,0.8792638049424321,0.3914918076496706,93
221925705,-0.9956123734430105,-1.3821114240420782,-1.1228559178704147,54
223874558,1.511728748621699,1.0163168491233114,0.9182214513088307,31
228693433,-0.8636470512290784,-2.2044296891273545,-1.8471091779017599,14
228513986,1.379763426407767,0.33105162821891443,0.12812698582009055,45
228942265,0.5879714931241745,0.8107372828519923,1.0499038622236208,186
223178817,0.5219888320172085,0.6736842386711129,0.45733301310706564,65
228556012,-0.5337337456942483,-0.97095229149944,-1.3203795342425997,149
223098367,-0.9956123734430105,-1.0394788135898796,-1.7812679724443647,173
221106240,0.2580581875893443,-0.97095229149944,-0.7936498905834396,114
223212797,-0.46775108458728215,-0.2171605485046032,-0.06939663055209448,47
227329843,0.32404084869631034,-0.5597931589568017,0.062285780362695546,72
224021564,0.6539541542311406,0.19399858403803502,0.19396819127748557,91
222652059,-0.46775108458728215,-0.491266636866362,-0.2669202469242795,112
224615753,-1.5894563234057049,-0.97095229149944,-0.9253323014982296,176
228294572,-0.5997164068012143,-1.7932705565847165,-1.3862207396999948,143
228129304,1.445746087514733,0.26252510612847474,0.6548566294792506,83
223613643,-2.9091095455450255,-2.067376644946475,-2.307997616103525,58
229915548,1.445746087514733,1.0163168491233114,0.45733301310706564,154
223056408,0.45600617091024237,-0.08010750432372381,-0.1352378360094895,53
224708640,0.1260928653754122,0.3995781503093541,0.8523802458514357,74
227258011,2.2375380207983255,2.112741202570347,1.6424747113401759,16
226675685,-0.26980310126638407,-0.1486340264141635,0.062285780362695546,182
228843870,0.7199368153381066,-0.1486340264141635,-0.0035554250946994654,94
223754674,-0.46775108458728215,0.05694553985715561,-0.1352378360094895,162
221696321,-0.7976643901221123,-1.3821114240420782,-1.3862207396999948,47
225470073,-0.26980310126638407,-0.1486340264141635,-0.46444386329646453,52
221510753,0.2580581875893443,1.35894945957551,1.3132686840532009,110
225091551,-0.005872456838519888,0.33105162821891443,0.6548566294792506,116
226277497,-0.4017684234803161,-0.6283196810472415,-0.5302850687538596,83
223114230,-0.3357857623733501,1.153369893304191,1.2474274785958057,34
222137299,-0.005872456838519888,-0.491266636866362,-0.2669202469242795,136
229329943,1.0498501208729367,0.6051577165806732,0.3914918076496706,28
227134027,0.5879714931241745,1.2904229374850702,1.1157450676810157,99
221522327,-1.1275776956569425,-1.1080053356803194,-1.0570147124130196,165
226863919,-0.9296297123360444,-1.1080053356803194,-1.2545383287852048,142
222549597,0.9838674597659707,1.5645290258468292,1.5107923004253858,83
225576871,1.9736073763704614,2.112741202570347,2.103363149541941,43
222411435,-0.8636470512290784,-1.2450583798611987,-1.1228559178704147,193
227295968,-0.5337337456942483,0.4681046723997938,0.6548566294792506,109
227013054,0.1260928653754122,0.9477903270328718,0.6548566294792506,117
226939754,0.060110204268446155,0.3995781503093541,0.12812698582009055,192
224981333,0.3900235098032764,0.26252510612847474,0.3914918076496706,59
221414157,1.8416420541565293,1.2904229374850702,0.6548566294792506,55
225931815,0.8519021375520386,1.153369893304191,0.8523802458514357,194
227712519,-0.203820440159418,-0.1486340264141635,0.12812698582009055,10
227532600,-1.5234736622987388,-1.2450583798611987,-0.9253323014982296,194
223906248,0.9838674597659707,1.4960025037563893,1.2474274785958057,186
222496523,-1.3255256789778407,-1.0394788135898796,-0.6619674796686495,9
228608368,0.32404084869631034,0.5366311944902336,0.5890154240218557,81
225303734,-0.9296297123360444,0.05694553985715561,-0.39860265783906956,196
227457779,2.0395900374774274,2.112741202570347,2.103363149541941,14
225753499,-0.26980310126638407,-0.08010750432372381,0.45733301310706564,181
221790769,-1.3255256789778407,-0.35421359268548264,-0.1352378360094895,161
228998908,-1.0615950345499765,-1.3135849019516386,-1.3862207396999948,145
227887245,-0.07185511794548592,-0.0115809822332841,0.12812698582009055,28
222695206,-1.3915083400848067,-1.176531857770759,-1.2545383287852048,123
225965151,-0.07185511794548592,-0.1486340264141635,-0.2010790414668845,14
223185741,0.9178847986590046,0.4681046723997938,-0.2010790414668845,101
227404282,-0.26980310126638407,-0.2171605485046032,-0.0035554250946994654,95
224547342,-1.1935603567639086,-1.176531857770759,-1.5179031506147846,131
224932844,0.7199368153381066,1.2904229374850702,1.2474274785958057,178
226016384,-0.005872456838519888,-0.2856870705950429,0.062285780362695546,119
223509895,0.6539541542311406,0.9477903270328718,0.7206978349366456,39
222623296,-0.26980310126638407,-0.35421359268548264,-0.1352378360094895,34
224318151,0.7199368153381066,-0.491266636866362,-0.39860265783906956,69
228373362,0.19207552648237824,1.0163168491233114,1.1157450676810157,125
227533820,-0.3357857623733501,-0.97095229149944,-1.0570147124130196,77
226777062,-0.46775108458728215,-0.0115809822332841,-0.2010790414668845,180
225905028,-0.7316817290151464,-0.9024257694090002,-1.1228559178704147,55
227428400,-1.3915083400848067,-1.1080053356803194,-0.8594910960408346,129
225165716,0.7859194764450727,0.6736842386711129,0.5231742185644607,50
222481304,0.060110204268446155,1.0163168491233114,1.1815862731384108,27
227486510,-0.07185511794548592,0.8107372828519923,0.5890154240218557,78
224136138,0.19207552648237824,0.5366311944902336,0.062285780362695546,121
223880427,-0.5997164068012143,-0.0115809822332841,-0.0035554250946994654,158
222603227,-0.46775108458728215,-1.9303236007655957,-1.7154267669869698,12
223594206,0.5219888320172085,0.1254720619475953,0.6548566294792506,99
228232146,1.0498501208729367,-0.491266636866362,-0.39860265783906956,131
227249474,0.9838674597659707,0.7422107607615527,0.5231742185644607,84
223197179,0.5219888320172085,0.8107372828519923,0.5231742185644607,39
228243980,-0.5337337456942483,-0.5597931589568017,-0.1352378360094895,135
222762260,0.9178847986590046,0.6736842386711129,0.7206978349366456,10
226659129,-2.051334951154467,-2.821168387941312,-2.703044848847895,197
222580537,-1.5894563234057049,-0.491266636866362,-0.5302850687538596,113
224230679,-0.4017684234803161,-1.2450583798611987,-0.7936498905834396,91
226166372,1.379763426407767,1.4960025037563893,0.8523802458514357,107
229193379,1.1818154430868688,0.9477903270328718,0.45733301310706564,44
222209819,1.1158327819799028,1.153369893304191,1.3132686840532009,65
227781925,-2.117317612261433,-1.861797078675156,-1.9129503833591548,44
222281287,-0.005872456838519888,0.5366311944902336,0.12812698582009055,199
223652229,-0.3357857623733501,-0.9024257694090002,-0.7936498905834396,147
229671361,-0.6656990679081803,-0.08010750432372381,0.3914918076496706,118
226032868,1.379763426407767,1.084843371213751,0.3256506021922756,180
224703771,-0.7316817290151464,-0.2856870705950429,-0.39860265783906956,100
222210173,1.313780765300801,0.7422107607615527,0.45733301310706564,183
226182828,-0.9296297123360444,-0.2171605485046032,0.3256506021922756,15
223354916,-1.3915083400848067,-0.9024257694090002,-0.9253323014982296,73
221307244,0.3900235098032764,0.19399858403803502,0.19396819127748557,86
222005894,-0.5997164068012143,-1.3135849019516386,-0.9253323014982296,26
228468556,0.1260928653754122,0.19399858403803502,-0.2669202469242795,69
221218899,1.445746087514733,1.7701085921181483,1.7083159167975708,77
229358388,0.6539541542311406,-0.35421359268548264,-0.1352378360094895,49
229272038,-1.3255256789778407,-1.7932705565847165,-1.7154267669869698,76
229033532,0.060110204268446155,1.153369893304191,0.9840626567662257,168
225088610,1.7096767319425972,1.2218964153946306,0.6548566294792506,25
229544780,1.1158327819799028,0.8792638049424321,1.0499038622236208,127
225644877,0.9178847986590046,0.3995781503093541,0.5890154240218557,130
221086855,-0.203820440159418,-0.2171605485046032,-0.06939663055209448,107
221867205,-0.13783777905245198,-0.6283196810472415,0.3914918076496706,30
222440360,-0.7976643901221123,-1.176531857770759,-1.1228559178704147,4
225691650,1.1818154430868688,0.7422107607615527,0.7865390403940407,138
229747928,0.45600617091024237,-0.08010750432372381,-0.1352378360094895,45
226242354,0.9178847986590046,0.9477903270328718,0.9840626567662257,47
229380596,-0.6656990679081803,-1.176531857770759,-0.8594910960408346,180
226131316,-0.46775108458728215,-1.2450583798611987,-1.6495855615295747,0
221918147,0.5879714931241745,0.33105162821891443,0.062285780362695546,128
225049099,1.2477981041938349,0.4681046723997938,0.19396819127748557,23
226774220,1.511728748621699,0.4681046723997938,0.3914918076496706,160
229743761,-0.5337337456942483,0.05694553985715561,-0.0035554250946994654,164
224406911,-0.07185511794548592,-0.35421359268548264,-0.39860265783906956,81
223847186,0.1260928653754122,-0.6283196810472415,-0.9911735069556247,54
229384619,-1.2595430178708746,-1.3821114240420782,-1.2545383287852048,0
227017533,0.32404084869631034,0.9477903270328718,0.9840626567662257,79
221211905,-0.4017684234803161,0.05694553985715561,0.12812698582009055,23
225500065,0.9178847986590046,0.7422107607615527,0.25980939673488057,155
226259244,-0.7976643901221123,-1.176531857770759,-1.0570147124130196,196
226414180,-0.26980310126638407,0.26252510612847474,0.12812698582009055,72
222288117,-0.13783777905245198,0.26252510612847474,-0.0035554250946994654,125
225879022,0.7859194764450727,0.5366311944902336,0.5890154240218557,21
223832670,0.2580581875893443,0.3995781503093541,0.6548566294792506,176
224766027,-0.07185511794548592,0.8107372828519923,0.8523802458514357,162
225712551,-0.13783777905245198,0.6736842386711129,0.5890154240218557,187
224887231,0.8519021375520386,0.6736842386711129,0.6548566294792506,147
229129342,-1.4574910011917728,-1.3135849019516386,-1.1228559178704147,157
229926466,2.1715553596913595,1.6330555479372688,1.444951094967991,70
224554531,0.6539541542311406,0.26252510612847474,-0.0035554250946994654,96
221648314,-0.46775108458728215,-1.861797078675156,-1.7812679724443647,124
221400307,-0.203820440159418,0.3995781503093541,0.8523802458514357,175
227566369,0.19207552648237824,0.19399858403803502,0.5890154240218557,25
229222863,1.445746087514733,1.5645290258468292,1.774157122254966,121
224680618,0.32404084869631034,0.4681046723997938,0.12812698582009055,108
229669821,0.19207552648237824,-0.4227401147759223,-0.46444386329646453,17
222629350,-0.5337337456942483,-1.3821114240420782,-1.7154267669869698,16
222906728,-1.2595430178708746,-1.1080053356803194,-0.6619674796686495,176
224137060,-0.07185511794548592,0.05694553985715561,0.19396819127748557,13
223742046,1.445746087514733,1.084843371213751,0.5231742185644607,90
226421632,1.1158327819799028,0.6051577165806732,0.3256506021922756,79
222321200,1.2477981041938349,1.5645290258468292,1.6424747113401759,187
221720290,-0.46775108458728215,-0.4227401147759223,0.45733301310706564,149
225812928,-0.07185511794548592,1.153369893304191,0.7865390403940407,167
227844156,0.45600617091024237,-0.9024257694090002,-0.7278086851260446,154
229732912,-0.8636470512290784,-1.176531857770759,-1.7154267669869698,194
227691134,-1.3915083400848067,-1.4506379461325178,-1.4520619451573897,36
221572589,0.45600617091024237,0.6736842386711129,1.0499038622236208,101
227736495,0.2580581875893443,0.6051577165806732,0.6548566294792506,170
229215843,-1.919369628940535,-1.5876909903133973,-1.4520619451573897,186
225686472,0.9838674597659707,0.8792638049424321,0.9182214513088307,41
221703521,2.0395900374774274,0.8792638049424321,1.3132686840532009,84
225417605,0.060110204268446155,1.35894945957551,0.9182214513088307,129
227719554,1.445746087514733,0.3995781503093541,0.5231742185644607,76
223255460,0.7199368153381066,0.4681046723997938,0.5890154240218557,117
229858436,0.6539541542311406,0.05694553985715561,-0.0035554250946994654,53
228041463,1.313780765300801,0.26252510612847474,0.12812698582009055,79
225860806,-0.203820440159418,-0.6283196810472415,-0.7278086851260446,182
221961922,-0.07185511794548592,0.26252510612847474,0.45733301310706564,63
221766404,0.7859194764450727,0.5366311944902336,0.7865390403940407,185
227302687,0.060110204268446155,-0.491266636866362,-0.5302850687538596,153
225870901,-1.3255256789778407,-1.9303236007655957,-1.6495855615295747,61
223774920,0.32404084869631034,0.33105162821891443,-0.0035554250946994654,71
229940266,-1.721421645619637,-1.5876909903133973,-1.1886971233278096,126
222706900,1.577711409728665,1.2218964153946306,0.45733301310706564,62
227173974,0.9838674597659707,0.6051577165806732,0.8523802458514357,116
228457091,-0.6656990679081803,-1.0394788135898796,-1.0570147124130196,49
226830937,0.060110204268446155,1.0163168491233114,0.8523802458514357,44
224367062,0.9178847986590046,0.4681046723997938,-0.2669202469242795,154
221358439,0.5219888320172085,0.3995781503093541,0.9840626567662257,63
229447273,0.19207552648237824,-0.1486340264141635,0.062285780362695546,23
225399859,2.1715553596913595,1.2218964153946306,0.8523802458514357,146
223400849,-0.9956123734430105,-1.176531857770759,-1.5837443560721798,95
223970735,-0.8636470512290784,0.1254720619475953,-0.06939663055209448,148
226637345,-1.1275776956569425,-0.8338992473185606,-1.0570147124130196,79
222668937,0.45600617091024237,0.4681046723997938,0.7865390403940407,167
228044103,-0.005872456838519888,-0.6283196810472415,-0.7278086851260446,173
224236714,0.060110204268446155,-0.5597931589568017,-0.0035554250946994654,55
228923708,0.1260928653754122,-0.1486340264141635,0.062285780362695546,37
225327218,-0.46775108458728215,-0.35421359268548264,0.45733301310706564,62
229050363,0.32404084869631034,-0.2171605485046032,-0.2010790414668845,112
223210828,0.7199368153381066,0.8792638049424321,1.5107923004253858,104
229812714,1.1158327819799028,0.19399858403803502,0.6548566294792506,24
227287888,-0.203820440159418,0.1254720619475953,0.062285780362695546,148
225878324,-0.6656990679081803,-0.2856870705950429,-0.33276145238167454,47
225485906,0.060110204268446155,0.6736842386711129,1.0499038622236208,38
226636586,0.5879714931241745,1.153369893304191,0.7206978349366456,192
221265806,0.32404084869631034,0.8107372828519923,0.7865390403940407,196
225076037,-1.5234736622987388,-1.1080053356803194,-0.9911735069556247,95
224379284,-1.655438984512671,-1.5876909903133973,-1.6495855615295747,171
221779530,1.0498501208729367,1.4274759816659497,1.7083159167975708,121
227493988,-0.3357857623733501,-0.5597931589568017,-0.39860265783906956,190
225578437,-2.5132135789032293,-3.1638009983935103,-3.229774492507055,143
224564297,1.0498501208729367,0.3995781503093541,0.5890154240218557,46
225846496,-1.655438984512671,-0.97095229149944,-1.1228559178704147,78
222091293,0.32404084869631034,-0.6283196810472415,-0.46444386329646453,103
225795341,-1.2595430178708746,-2.2044296891273545,-2.1763152051887347,80
223478938,-0.26980310126638407,-0.9024257694090002,-0.9911735069556247,33
221328257,1.577711409728665,0.6051577165806732,0.8523802458514357,129
226933011,1.1158327819799028,1.6330555479372688,1.774157122254966,25
226782370,-0.3357857623733501,-0.08010750432372381,-0.1352378360094895,77
228531108,0.6539541542311406,0.05694553985715561,0.062285780362695546,86
221084958,-1.1275776956569425,-1.2450583798611987,-1.6495855615295747,189
226252729,-2.7771442233310935,-2.135903167036915,-2.703044848847895,110
222942337,-2.051334951154467,-0.97095229149944,-0.5302850687538596,80
228989988,-0.5337337456942483,-0.5597931589568017,-1.0570147124130196,105
228034004,-0.3357857623733501,0.26252510612847474,-0.33276145238167454,198
222912463,0.19207552648237824,0.4681046723997938,0.3914918076496706,2
221146117,0.060110204268446155,0.19399858403803502,-0.06939663055209448,164
222310705,0.8519021375520386,0.26252510612847474,-0.06939663055209448,98
224723555,0.3900235098032764,0.7422107607615527,0.45733301310706564,16
225239358,-0.26980310126638407,-0.5597931589568017,-0.7278086851260446,100
227803312,0.7199368153381066,1.7015820700277084,1.774157122254966,20
228986860,0.5879714931241745,0.33105162821891443,-0.1352378360094895,24
225957826,1.379763426407767,0.33105162821891443,0.5231742185644607,113
226749147,-0.9296297123360444,-0.2856870705950429,0.062285780362695546,151
225402885,-0.005872456838519888,-0.8338992473185606,-1.0570147124130196,90
224601305,-0.203820440159418,0.6051577165806732,0.7865390403940407,31
224759026,-1.3255256789778407,-0.7653727252281208,-0.7278086851260446,18
223938238,-0.46775108458728215,0.1254720619475953,0.12812698582009055,177
223112931,-0.3357857623733501,0.19399858403803502,0.12812698582009055,12
228079306,-0.203820440159418,-0.5597931589568017,-0.46444386329646453,4
226973674,-1.5894563234057049,-0.2171605485046032,0.062285780362695546,155
221492703,-0.46775108458728215,-0.491266636866362,-0.46444386329646453,85
227596643,0.9178847986590046,1.4274759816659497,1.3791098895105958,117
224341200,-0.5337337456942483,-0.491266636866362,-0.5961262742112545,89
223037449,1.2477981041938349,1.0163168491233114,0.6548566294792506,57
228325832,-0.9296297123360444,-0.7653727252281208,-0.6619674796686495,158
227658301,-2.5791962400101953,-2.410009255398674,-2.37383882156092,119
226370139,-0.46775108458728215,-0.6283196810472415,-0.6619674796686495,153
223886314,-1.1275776956569425,-0.7653727252281208,-0.5302850687538596,54
227348241,0.19207552648237824,-0.7653727252281208,-0.9911735069556247,66
227209817,-0.3357857623733501,-0.2171605485046032,-0.46444386329646453,9
227136283,-1.4574910011917728,-0.35421359268548264,-0.6619674796686495,3
227121361,0.45600617091024237,1.0163168491233114,1.1157450676810157,132
228289427,1.1818154430868688,0.5366311944902336,0.19396819127748557,163
222925548,-1.3915083400848067,0.26252510612847474,0.12812698582009055,102
227725349,0.5219888320172085,0.33105162821891443,0.25980939673488057,173
222755859,1.0498501208729367,1.9071616362990276,1.8399983277123608,112
228882803,-0.46775108458728215,0.05694553985715561,0.3256506021922756,39
227550574,-1.3255256789778407,-1.7932705565847165,-1.7812679724443647,191
226755877,0.9178847986590046,1.4274759816659497,0.9182214513088307,48
228438226,1.2477981041938349,1.7701085921181483,2.103363149541941,20
227997927,0.32404084869631034,0.9477903270328718,0.5890154240218557,171
223543439,-0.005872456838519888,-0.35421359268548264,-0.39860265783906956,19
229108915,0.9178847986590046,1.153369893304191,0.9840626567662257,51
223514565,1.379763426407767,2.112741202570347,1.774157122254966,106
221421658,0.8519021375520386,0.8107372828519923,0.19396819127748557,53
221238692,-1.853386967833569,-1.3821114240420782,-1.5179031506147846,84
229032612,-1.853386967833569,-1.7932705565847165,-1.6495855615295747,42
221149998,0.060110204268446155,0.4681046723997938,0.45733301310706564,99
223547889,-0.13783777905245198,0.26252510612847474,0.12812698582009055,168
229037140,-0.5997164068012143,0.6051577165806732,-0.06939663055209448,4
221206817,-0.26980310126638407,-0.35421359268548264,-0.2669202469242795,130
224055133,0.45600617091024237,0.05694553985715561,0.45733301310706564,154
226924277,0.45600617091024237,-0.1486340264141635,-0.5961262742112545,37
226355356,0.7199368153381066,-0.08010750432372381,0.5890154240218557,110
221521523,0.6539541542311406,-0.1486340264141635,-0.06939663055209448,22
229624492,-0.5997164068012143,-1.0394788135898796,-0.7936498905834396,113
221650811,-0.07185511794548592,0.33105162821891443,0.5890154240218557,118
227599819,-1.1935603567639086,-1.656217512403837,-1.7812679724443647,104
224267856,-1.0615950345499765,-0.1486340264141635,-0.33276145238167454,128
227735207,1.2477981041938349,1.35894945957551,1.774157122254966,97
224938468,0.5219888320172085,-0.4227401147759223,-0.7278086851260446,111
225580471,-0.4017684234803161,-0.6968462031376811,-0.9253323014982296,62
229658974,-0.46775108458728215,-1.0394788135898796,-0.06939663055209448,82
228478229,-0.8636470512290784,-1.7932705565847165,-1.6495855615295747,40
228153194,-1.1275776956569425,-0.2856870705950429,-0.8594910960408346,119
228947135,1.445746087514733,2.044214680479907,2.103363149541941,140
224095193,-0.7976643901221123,-0.6968462031376811,-0.39860265783906956,184
227339312,-0.203820440159418,0.26252510612847474,-0.0035554250946994654,102
223909615,-0.07185511794548592,-0.2856870705950429,-0.33276145238167454,189
225904838,1.0498501208729367,0.7422107607615527,0.5890154240218557,19
224993374,-0.9296297123360444,-0.8338992473185606,-0.7936498905834396,91
229456343,1.379763426407767,1.0163168491233114,1.1157450676810157,103
229546991,0.2580581875893443,0.1254720619475953,0.3914918076496706,58
224537470,1.1818154430868688,0.9477903270328718,0.6548566294792506,169
221102826,0.32404084869631034,-0.2171605485046032,-0.5302850687538596,17
222794699,-0.203820440159418,-0.1486340264141635,-0.06939663055209448,185
222372298,-0.9956123734430105,0.19399858403803502,0.7206978349366456,17
228340946,1.1818154430868688,0.26252510612847474,0.062285780362695546,188
225335104,0.32404084869631034,0.33105162821891443,-0.0035554250946994654,104
224230480,0.5219888320172085,0.26252510612847474,-0.06939663055209448,169
225200417,0.1260928653754122,-0.6968462031376811,-0.39860265783906956,165
229951532,-0.5997164068012143,-0.9024257694090002,-0.9253323014982296,80
224369150,1.0498501208729367,1.6330555479372688,1.6424747113401759,153
226998319,-0.5997164068012143,-0.7653727252281208,-0.2669202469242795,97
228588263,-1.2595430178708746,-0.7653727252281208,-0.06939663055209448,23
224128117,-0.46775108458728215,1.084843371213751,0.7865390403940407,108
225756653,-1.655438984512671,-2.067376644946475,-2.24215641064613,199
224917850,-0.26980310126638407,-0.1486340264141635,-0.39860265783906956,77
228107393,1.313780765300801,0.9477903270328718,1.1815862731384108,54
221949197,0.19207552648237824,0.1254720619475953,-0.2010790414668845,160
221991535,-0.07185511794548592,-0.6968462031376811,-0.9911735069556247,1
227204715,0.1260928653754122,-0.4227401147759223,-0.9253323014982296,34
228998867,-0.13783777905245198,-0.2171605485046032,-0.5961262742112545,148
227860203,-0.3357857623733501,0.19399858403803502,0.12812698582009055,75
228833804,-0.3357857623733501,-0.9024257694090002,-0.8594910960408346,133
223785806,-1.2595430178708746,-0.6968462031376811,-1.1886971233278096,1
225527257,0.45600617091024237,-0.2171605485046032,-0.1352378360094895,76
229616900,-1.0615950345499765,-1.4506379461325178,-0.9911735069556247,165
222192812,0.5879714931241745,-0.08010750432372381,-0.2669202469242795,57
227923519,0.5879714931241745,-0.2171605485046032,0.3256506021922756,119
228210994,0.2580581875893443,-0.9024257694090002,-1.1228559178704147,29
227116605,1.511728748621699,1.2904229374850702,0.9182214513088307,103
223551478,0.060110204268446155,0.8107372828519923,0.7206978349366456,90
222591606,0.7859194764450727,0.8107372828519923,0.7865390403940407,146
228444071,-0.46775108458728215,0.26252510612847474,0.062285780362695546,5
223557419,0.45600617091024237,0.9477903270328718,0.5231742185644607,129
227793361,0.8519021375520386,0.8792638049424321,0.3256506021922756,165
224752194,0.060110204268446155,0.33105162821891443,0.5890154240218557,96
221420865,0.19207552648237824,-0.2171605485046032,-0.5302850687538596,65
221623438,1.313780765300801,0.8107372828519923,0.7865390403940407,35
226789534,-1.2595430178708746,-1.5876909903133973,-1.7154267669869698,179
227591284,0.9838674597659707,0.26252510612847474,0.25980939673488057,171
221125301,-0.13783777905245198,1.084843371213751,1.1157450676810157,195
223494145,2.2375380207983255,1.5645290258468292,1.905839533169756,81
224105086,-0.07185511794548592,0.5366311944902336,0.3914918076496706,90
227308762,-0.07185511794548592,-0.7653727252281208,-1.2545383287852048,193
226784668,-0.8636470512290784,-0.5597931589568017,-0.39860265783906956,62
229940432,-1.919369628940535,-0.9024257694090002,-1.3862207396999948,24
223264982,0.8519021375520386,1.35894945957551,1.3791098895105958,172
221796311,-0.8636470512290784,-1.0394788135898796,-1.3203795342425997,112
225153446,2.2375380207983255,2.112741202570347,2.103363149541941,48
228468772,0.3900235098032764,-0.2856870705950429,-0.0035554250946994654,9
225256771,-0.8636470512290784,-0.7653727252281208,-0.8594910960408346,41
229566835,-0.7976643901221123,-1.0394788135898796,-1.5179031506147846,107
227241961,0.32404084869631034,0.05694553985715561,0.5231742185644607,111
225663947,0.7199368153381066,1.4274759816659497,1.5107923004253858,170
229573757,0.5879714931241745,-0.7653727252281208,-0.39860265783906956,12
223834056,1.1818154430868688,1.2218964153946306,1.5107923004253858,148
221905644,-2.6451789011171614,-2.6155888216699927,-1.97879158881655,6
228663540,0.3900235098032764,-0.1486340264141635,-0.2010790414668845,136
227102974,0.7199368153381066,1.2904229374850702,1.1157450676810157,67
227293021,1.6436940708356311,0.33105162821891443,0.5231742185644607,180
226774003,1.1158327819799028,1.084843371213751,1.444951094967991,182
229895549,-0.203820440159418,-0.0115809822332841,0.3914918076496706,100
221957997,0.1260928653754122,1.153369893304191,1.0499038622236208,172
226537635,-0.46775108458728215,-0.1486340264141635,-0.46444386329646453,103
223495585,1.577711409728665,1.4274759816659497,1.5107923004253858,156
225881015,0.32404084869631034,0.4681046723997938,0.9840626567662257,174
221922794,0.6539541542311406,-0.491266636866362,-0.1352378360094895,181
226181314,0.9178847986590046,-0.08010750432372381,0.25980939673488057,82
226934181,-0.7316817290151464,-0.35421359268548264,0.12812698582009055,134
229614165,0.6539541542311406,0.1254720619475953,-0.06939663055209448,85
225885972,0.45600617091024237,0.1254720619475953,-0.0035554250946994654,73
227944413,-0.9296297123360444,-0.6968462031376811,-0.7936498905834396,166
224813520,0.1260928653754122,-0.08010750432372381,-0.46444386329646453,40
226263134,-0.46775108458728215,-1.176531857770759,-1.4520619451573897,52
221726875,-1.1275776956569425,-1.176531857770759,-0.9253323014982296,149
222368513,0.2580581875893443,0.33105162821891443,0.19396819127748557,86
225024844,-0.3357857623733501,-1.5191644682229575,-0.7936498905834396,199
227627372,-0.4017684234803161,0.3995781503093541,0.3914918076496706,196
222324903,-0.13783777905245198,-1.1080053356803194,-0.7278086851260446,8
227100310,0.8519021375520386,0.8792638049424321,0.9182214513088307,162
225342767,-0.07185511794548592,1.084843371213751,0.5231742185644607,11
226193819,-0.13783777905245198,-0.35421359268548264,0.12812698582009055,82
221992949,1.1158327819799028,0.9477903270328718,1.444951094967991,120
221096865,0.9838674597659707,1.2904229374850702,1.444951094967991,94
228126991,-0.7976643901221123,-0.35421359268548264,-0.0035554250946994654,156
229623224,0.1260928653754122,-0.35421359268548264,-0.1352378360094895,102
221748480,-0.7976643901221123,-1.4506379461325178,-1.0570147124130196,91
227707624,-0.46775108458728215,0.6051577165806732,0.5231742185644607,191
222363854,-0.005872456838519888,-0.0115809822332841,-0.0035554250946994654,166
227752624,0.6539541542311406,0.1254720619475953,0.25980939673488057,90
222049839,0.5219888320172085,0.6736842386711129,0.9182214513088307,195
225315558,1.8416420541565293,1.2218964153946306,1.5766335058827807,108
225697748,-0.203820440159418,-0.5597931589568017,-0.9253323014982296,89
227224641,1.9076247152634953,1.35894945957551,1.5766335058827807,156
224819776,-1.721421645619637,-0.6968462031376811,-0.9253323014982296,73
222700583,1.0498501208729367,0.8792638049424321,0.7865390403940407,126
221597017,0.1260928653754122,0.05694553985715561,-0.1352378360094895,45
228517386,-0.7316817290151464,-0.6968462031376811,-0.9253323014982296,56
228514534,0.8519021375520386,0.6051577165806732,0.5890154240218557,24
223776671,1.313780765300801,1.5645290258468292,1.2474274785958057,152
224920301,0.6539541542311406,0.1254720619475953,0.3256506021922756,76
221167678,-0.13783777905245198,-1.3135849019516386,-1.6495855615295747,87
226195815,-0.26980310126638407,-1.3821114240420782,-1.0570147124130196,87
223304714,-0.7976643901221123,-0.5597931589568017,-0.39860265783906956,84
225118233,0.7199368153381066,1.9071616362990276,1.7083159167975708,121
223048153,0.6539541542311406,1.2218964153946306,1.1157450676810157,72
226852258,0.5219888320172085,1.35894945957551,1.0499038622236208,161
224796860,-0.005872456838519888,0.33105162821891443,0.3256506021922756,41
227553185,-0.005872456838519888,0.6051577165806732,0.6548566294792506,144
226366378,0.060110204268446155,0.6051577165806732,0.7206978349366456,122
225284244,0.32404084869631034,-1.3821114240420782,-1.0570147124130196,166
221710121,1.6436940708356311,1.153369893304191,1.0499038622236208,116
228396808,0.19207552648237824,-0.7653727252281208,-0.7278086851260446,198
224872747,-0.7976643901221123,-0.6968462031376811,-1.1886971233278096,80
221786008,-0.8636470512290784,-1.176531857770759,-1.2545383287852048,60
223552852,0.1260928653754122,-0.6283196810472415,-0.5961262742112545,143
228940904,-0.6656990679081803,-0.5597931589568017,-0.5302850687538596,97
223806306,-1.9853522900475011,-1.1080053356803194,-1.6495855615295747,21
221708978,-2.4472309177962632,-1.9303236007655957,-1.3862207396999948,161
229675669,-0.26980310126638407,0.33105162821891443,0.12812698582009055,152
227490750,0.1260928653754122,-0.1486340264141635,0.3256506021922756,18
221639686,-1.2595430178708746,-1.0394788135898796,-0.9911735069556247,53
222683847,-0.26980310126638407,-0.5597931589568017,-0.6619674796686495,110
221567703,0.8519021375520386,1.2904229374850702,1.7083159167975708,27
222981412,0.45600617091024237,-0.0115809822332841,-0.0035554250946994654,57
225357093,-0.005872456838519888,0.9477903270328718,0.9840626567662257,43
221138554,-0.9956123734430105,-0.6283196810472415,-0.6619674796686495,33
222963806,-0.9956123734430105,-0.2171605485046032,-0.39860265783906956,27
228961923,1.2477981041938349,-0.2171605485046032,0.19396819127748557,177
229858278,2.0395900374774274,1.5645290258468292,1.1815862731384108,8
222026158,0.5879714931241745,-0.0115809822332841,-0.0035554250946994654,66
228709635,0.8519021375520386,0.8792638049424321,0.7865390403940407,98
223645400,0.9838674597659707,0.5366311944902336,0.7206978349366456,122
225774535,1.0498501208729367,1.7701085921181483,1.3791098895105958,101
229530533,-0.13783777905245198,-0.4227401147759223,-0.1352378360094895,142
229164078,0.7859194764450727,0.9477903270328718,0.7865390403940407,56
221354047,1.7096767319425972,2.112741202570347,1.905839533169756,179
224266125,0.3900235098032764,-0.1486340264141635,-0.2669202469242795,95
224406721,-0.26980310126638407,-0.1486340264141635,-0.2669202469242795,82
226052346,0.8519021375520386,0.19399858403803502,0.062285780362695546,176
223612308,0.8519021375520386,0.4681046723997938,-0.2010790414668845,115
225615951,1.379763426407767,1.4274759816659497,1.3132686840532009,140
228974478,-1.721421645619637,-1.4506379461325178,-1.1886971233278096,172
229533786,0.7199368153381066,-0.491266636866362,-0.2669202469242795,178
226765991,-0.8636470512290784,-1.656217512403837,-1.8471091779017599,30
229555189,-2.249282934475365,-2.067376644946475,-2.307997616103525,127
226726320,-0.7316817290151464,0.19399858403803502,0.7206978349366456,25
227519685,-0.3357857623733501,-0.1486340264141635,-0.1352378360094895,115
223835674,-0.8636470512290784,0.05694553985715561,0.12812698582009055,150
223586884,0.45600617091024237,-0.2171605485046032,-0.39860265783906956,61
221626432,0.5219888320172085,0.3995781503093541,0.7206978349366456,87
226478917,-0.203820440159418,0.33105162821891443,0.3914918076496706,7
223388049,1.9736073763704614,1.4274759816659497,1.5766335058827807,50
228619977,-0.203820440159418,0.7422107607615527,0.7865390403940407,51
227305656,-1.1935603567639086,-1.2450583798611987,-1.4520619451573897,114
222099294,-1.1935603567639086,-1.7932705565847165,-1.5179031506147846,108
225437263,1.7096767319425972,2.112741202570347,2.103363149541941,146
227130516,-0.3357857623733501,0.1254720619475953,0.6548566294792506,26
226017048,-0.203820440159418,-1.4506379461325178,-1.3862207396999948,137
227090010,0.1260928653754122,-0.08010750432372381,-0.06939663055209448,13
229228099,0.32404084869631034,0.3995781503093541,0.12812698582009055,17
225491613,1.6436940708356311,1.838635114208588,1.5766335058827807,88
226057024,-0.8636470512290784,-0.491266636866362,-0.7936498905834396,6
222657219,-1.0615950345499765,-0.2171605485046032,-0.2669202469242795,155
222898684,0.5219888320172085,0.8107372828519923,0.19396819127748557,44
229162223,-1.721421645619637,-0.97095229149944,-0.9911735069556247,7
224371938,-0.3357857623733501,-1.2450583798611987,-1.0570147124130196,132
229244339,0.9838674597659707,1.4960025037563893,1.3791098895105958,67
221838219,-1.1935603567639086,-0.9024257694090002,-0.6619674796686495,171
222697544,-0.8636470512290784,-0.5597931589568017,-0.0035554250946994654,39
227897671,0.9838674597659707,1.9071616362990276,1.8399983277123608,96
225091027,0.7199368153381066,0.6736842386711129,0.7865390403940407,2
226566084,-0.203820440159418,0.26252510612847474,0.6548566294792506,155
225923348,0.45600617091024237,0.3995781503093541,0.7865390403940407,110
224567285,0.19207552648237824,0.5366311944902336,0.5890154240218557,80
228450652,-0.07185511794548592,0.4681046723997938,0.5231742185644607,130
222869194,-0.7316817290151464,0.26252510612847474,0.3256506021922756,43
227394184,-1.4574910011917728,-0.4227401147759223,-0.39860265783906956,105
224512450,-0.7976643901221123,-0.35421359268548264,-0.2010790414668845,34
228796541,-1.1935603567639086,-0.2171605485046032,-0.2010790414668845,128
224864231,-0.5337337456942483,-0.8338992473185606,-0.9253323014982296,153
227547709,0.32404084869631034,-0.491266636866362,-1.1886971233278096,82
225025715,0.1260928653754122,-0.08010750432372381,-0.2669202469242795,22
222032834,0.5219888320172085,0.4681046723997938,0.3256506021922756,189
224737074,1.7096767319425972,2.112741202570347,2.037521944084546,60
223627456,-0.6656990679081803,0.6736842386711129,0.25980939673488057,114
222801565,-2.381248256689297,-3.0952744763030706,-3.493139314336635,56
221934947,-0.8636470512290784,-1.0394788135898796,-1.3203795342425997,141
224687046,0.19207552648237824,0.5366311944902336,0.3256506021922756,199
228366160,-0.07185511794548592,0.8792638049424321,0.8523802458514357,192
225336547,-0.7976643901221123,-0.6283196810472415,-0.33276145238167454,144
229396781,-2.4472309177962632,-2.7526418658508724,-2.50552123247571,64
223674878,0.6539541542311406,0.6051577165806732,0.7865390403940407,193
221307212,-0.4017684234803161,-0.8338992473185606,-1.1228559178704147,124
224783088,1.1818154430868688,1.35894945957551,1.444951094967991,78
224734096,0.5879714931241745,0.19399858403803502,-0.39860265783906956,33
229966084,1.2477981041938349,1.0163168491233114,0.9182214513088307,189
223548441,-1.721421645619637,-0.7653727252281208,-0.9253323014982296,142
227937733,-0.3357857623733501,-0.35421359268548264,-0.39860265783906956,45
225427876,-0.5337337456942483,-0.4227401147759223,-0.2010790414668845,138
221131010,0.19207552648237824,-0.6283196810472415,-0.33276145238167454,71
225840889,-0.5337337456942483,-0.6968462031376811,-0.1352378360094895,48
222703040,1.8416420541565293,1.4274759816659497,1.5107923004253858,115
226136978,-0.07185511794548592,0.5366311944902336,0.3914918076496706,187
223882781,1.0498501208729367,1.6330555479372688,1.6424747113401759,140
227258324,-0.4017684234803161,-0.08010750432372381,0.25980939673488057,182
225506647,-1.919369628940535,-1.656217512403837,-1.97879158881655,32
222184646,1.445746087514733,0.6051577165806732,0.9840626567662257,81
227273029,1.9076247152634953,0.8107372828519923,1.0499038622236208,105
225613174,-0.07185511794548592,0.26252510612847474,-0.0035554250946994654,11
221549147,-2.051334951154467,-0.5597931589568017,-0.9253323014982296,74
223594028,-0.26980310126638407,-0.4227401147759223,-0.7936498905834396,94
221373139,-0.5337337456942483,-1.2450583798611987,-1.0570147124130196,166
229333043,2.2375380207983255,1.838635114208588,1.1815862731384108,1
223176851,-0.3357857623733501,-0.7653727252281208,-0.39860265783906956,91
227277907,2.2375380207983255,1.9071616362990276,2.037521944084546,59
224628610,0.19207552648237824,0.05694553985715561,-0.33276145238167454,93
229051919,-0.3357857623733501,-1.4506379461325178,-1.4520619451573897,76
221324664,-1.1275776956569425,-0.8338992473185606,-1.4520619451573897,59
223503464,-1.4574910011917728,-1.2450583798611987,-0.8594910960408346,185
221963632,0.060110204268446155,-0.35421359268548264,0.12812698582009055,42
225150161,0.8519021375520386,-0.6283196810472415,-0.2010790414668845,93
224913659,-0.005872456838519888,0.33105162821891443,0.8523802458514357,10
227807517,0.5879714931241745,1.2904229374850702,1.1157450676810157,169
227181892,1.1818154430868688,1.0163168491233114,0.7865390403940407,132
228168303,0.32404084869631034,0.33105162821891443,-0.2669202469242795,113
228475153,0.060110204268446155,0.7422107607615527,0.8523802458514357,170
222406610,0.9178847986590046,1.5645290258468292,1.3132686840532009,134
228047220,1.313780765300801,0.4681046723997938,0.3914918076496706,127
222995851,0.6539541542311406,0.33105162821891443,0.3256506021922756,139
221232475,-1.655438984512671,-1.176531857770759,-1.1228559178704147,183
221904750,0.5219888320172085,1.2904229374850702,1.444951094967991,36
227731138,0.3900235098032764,0.8107372828519923,0.7206978349366456,197
225046835,0.5219888320172085,0.6736842386711129,0.7865390403940407,3
228631663,0.2580581875893443,-0.2856870705950429,-0.5302850687538596,137
225351487,-0.07185511794548592,0.8107372828519923,0.8523802458514357,19
226407905,-0.46775108458728215,0.05694553985715561,-0.2010790414668845,135
223843198,-0.13783777905245198,-0.491266636866362,-0.0035554250946994654,126
222624485,-1.0615950345499765,-1.1080053356803194,-0.8594910960408346,193
229708761,0.19207552648237824,0.6736842386711129,0.8523802458514357,71
222033719,-0.9956123734430105,-0.9024257694090002,-0.9911735069556247,9
224479631,0.1260928653754122,0.7422107607615527,0.5231742185644607,46
223514286,1.2477981041938349,1.153369893304191,1.9716807386271509,67
221103318,-0.07185511794548592,0.05694553985715561,0.3914918076496706,139
226002420,0.45600617091024237,0.6736842386711129,0.7206978349366456,75
221380263,-0.26980310126638407,-0.1486340264141635,-0.06939663055209448,28
221535749,0.7199368153381066,-0.1486340264141635,-0.2669202469242795,37
229907264,0.19207552648237824,-0.2171605485046032,-0.46444386329646453,198
224088196,-1.5234736622987388,-0.6283196810472415,-0.6619674796686495,30
225288331,1.577711409728665,1.2218964153946306,1.1157450676810157,190
222839641,0.5219888320172085,0.5366311944902336,0.3256506021922756,119
228320145,0.45600617091024237,-0.2171605485046032,-0.33276145238167454,5
228437835,-0.7316817290151464,0.1254720619475953,0.062285780362695546,87
229804766,-0.07185511794548592,-0.0115809822332841,-0.06939663055209448,191
224789346,0.9178847986590046,-0.4227401147759223,-0.33276145238167454,51
229901004,-1.0615950345499765,-0.6283196810472415,-0.5302850687538596,168
226245078,-0.203820440159418,0.26252510612847474,0.19396819127748557,177
223661980,0.7199368153381066,1.084843371213751,1.2474274785958057,117
222491484,0.45600617091024237,0.33105162821891443,-0.46444386329646453,157
229840226,0.9838674597659707,0.19399858403803502,0.5890154240218557,64
226051027,-0.005872456838519888,0.4681046723997938,-0.0035554250946994654,173
225163608,-0.9296297123360444,-0.8338992473185606,-1.1886971233278096,139
223745065,0.19207552648237824,0.6051577165806732,0.5231742185644607,149
223349652,-0.07185511794548592,1.0163168491233114,1.0499038622236208,14
225373011,0.19207552648237824,0.5366311944902336,0.6548566294792506,56
222738731,-1.0615950345499765,-0.35421359268548264,-0.1352378360094895,45
225015027,0.45600617091024237,0.6051577165806732,0.5231742185644607,32
221143698,0.2580581875893443,0.8792638049424321,0.5231742185644607,197
222164517,0.9838674597659707,0.3995781503093541,0.6548566294792506,143
224272707,-0.203820440159418,-0.5597931589568017,-0.5302850687538596,183
224711702,0.060110204268446155,0.19399858403803502,0.3914918076496706,170
222958255,-0.4017684234803161,-0.08010750432372381,-0.5302850687538596,84
221286773,-0.26980310126638407,-0.97095229149944,-0.9253323014982296,30
226968491,-2.4472309177962632,-1.9988501228560356,-1.5837443560721798,64
227845033,-0.26980310126638407,-0.2171605485046032,-0.0035554250946994654,15
221699280,1.8416420541565293,2.044214680479907,2.103363149541941,147
221647967,1.2477981041938349,0.3995781503093541,-0.0035554250946994654,92
224117326,0.7199368153381066,0.6051577165806732,0.3256506021922756,69
221741200,-0.8636470512290784,-0.7653727252281208,-1.5837443560721798,93
223422579,1.7756593930495632,1.4274759816659497,0.9840626567662257,137
221300736,-1.1275776956569425,-1.1080053356803194,-0.9911735069556247,89
228102470,0.45600617091024237,0.4681046723997938,0.6548566294792506,105
229230915,-0.005872456838519888,0.33105162821891443,0.8523802458514357,36
221302269,0.7199368153381066,0.5366311944902336,0.3256506021922756,174
225071420,-1.1275776956569425,-0.4227401147759223,-0.7936498905834396,68
228006319,0.8519021375520386,1.35894945957551,1.1815862731384108,9
221879964,0.5879714931241745,0.8792638049424321,1.444951094967991,37
225779388,-0.46775108458728215,0.19399858403803502,0.12812698582009055,64
223114100,-0.5997164068012143,0.6051577165806732,0.7206978349366456,98
227231965,-0.005872456838519888,-0.2171605485046032,-0.5961262742112545,190
221560604,0.8519021375520386,0.8107372828519923,0.9182214513088307,1
222504631,-0.5997164068012143,-0.1486340264141635,0.25980939673488057,39
225879550,1.379763426407767,1.0163168491233114,1.2474274785958057,120
224206637,-0.203820440159418,-0.35421359268548264,-0.06939663055209448,3
226856681,-0.46775108458728215,-0.4227401147759223,-0.2669202469242795,57
226099480,-0.26980310126638407,0.19399858403803502,-0.2010790414668845,29
222646911,-1.3255256789778407,-2.410009255398674,-2.1104739997313398,89
228874133,-0.005872456838519888,-0.6968462031376811,-1.0570147124130196,162
221342549,1.511728748621699,1.2218964153946306,0.7206978349366456,102
228902062,-1.5894563234057049,-0.5597931589568017,-0.6619674796686495,68
225388950,1.7756593930495632,1.0163168491233114,1.444951094967991,92
221035230,0.9178847986590046,1.084843371213751,1.1157450676810157,107
222645833,2.1055726985843934,2.112741202570347,2.037521944084546,75
221220091,0.9838674597659707,0.8107372828519923,1.0499038622236208,6
224190044,-0.4017684234803161,0.05694553985715561,0.3914918076496706,146
228242855,0.6539541542311406,1.7015820700277084,1.2474274785958057,46
229411436,0.45600617091024237,0.6051577165806732,0.25980939673488057,111
224036196,1.9736073763704614,1.838635114208588,2.037521944084546,118
224805565,0.6539541542311406,0.4681046723997938,0.3914918076496706,18
225904087,1.6436940708356311,0.26252510612847474,0.7865390403940407,163
222871355,-0.26980310126638407,0.19399858403803502,0.12812698582009055,18
223636257,-0.7316817290151464,-0.6968462031376811,-0.5961262742112545,187
227239755,0.5219888320172085,1.4274759816659497,1.3132686840532009,26
226970237,-1.0615950345499765,-1.4506379461325178,-1.7154267669869698,145
224531898,-1.2595430178708746,-1.7932705565847165,-1.7812679724443647,113
225688345,0.9838674597659707,0.33105162821891443,0.19396819127748557,98
228304203,-0.07185511794548592,0.3995781503093541,0.5890154240218557,178
224625316,0.1260928653754122,-1.2450583798611987,-0.7278086851260446,51
221753449,0.45600617091024237,1.5645290258468292,1.0499038622236208,175
224048895,-0.8636470512290784,-2.067376644946475,-2.044632794273945,183
223326263,0.1260928653754122,0.5366311944902336,0.7865390403940407,147
225376677,-0.7316817290151464,-1.5876909903133973,-1.6495855615295747,29
223178730,1.379763426407767,1.35894945957551,1.7083159167975708,7
227317335,-0.7316817290151464,-1.5191644682229575,-1.5837443560721798,50
228701878,-0.8636470512290784,-0.7653727252281208,-0.7278086851260446,123
229251954,0.060110204268446155,-0.8338992473185606,-0.5961262742112545,99
225403099,1.7096767319425972,0.6736842386711129,1.0499038622236208,40
222728883,-0.8636470512290784,-0.2171605485046032,0.3256506021922756,169
229362405,0.9838674597659707,0.1254720619475953,0.3256506021922756,77
225533709,-0.3357857623733501,-0.6283196810472415,-0.8594910960408346,142
226282723,0.9178847986590046,0.26252510612847474,0.25980939673488057,170
225458757,-1.919369628940535,-0.8338992473185606,-0.7936498905834396,157
224783868,0.9838674597659707,1.0163168491233114,0.9182214513088307,116
228516837,-0.46775108458728215,0.26252510612847474,0.25980939673488057,120
222779762,-0.7316817290151464,-0.97095229149944,-1.3862207396999948,100
229058733,0.3900235098032764,0.6736842386711129,0.3914918076496706,0
225766713,0.19207552648237824,0.3995781503093541,0.19396819127748557,168
225616510,0.19207552648237824,-0.35421359268548264,-0.0035554250946994654,135
223495787,-1.0615950345499765,-0.6283196810472415,-0.5961262742112545,111
229428685,1.379763426407767,1.0163168491233114,1.1815862731384108,10
228487981,0.32404084869631034,-0.0115809822332841,-0.0035554250946994654,7
223492053,0.1260928653754122,0.19399858403803502,-0.2010790414668845,70
229225657,0.8519021375520386,0.5366311944902336,0.45733301310706564,146
226479931,0.7199368153381066,1.4274759816659497,1.1157450676810157,100
223687598,-0.5337337456942483,-0.97095229149944,-0.9911735069556247,133
221731844,1.1818154430868688,1.7701085921181483,1.5766335058827807,21
227461193,-0.7316817290151464,-0.7653727252281208,-1.0570147124130196,49
221751073,0.2580581875893443,-0.08010750432372381,0.25980939673488057,159
226219363,-0.9296297123360444,-0.6968462031376811,-0.2010790414668845,109
221728187,0.19207552648237824,0.5366311944902336,0.5890154240218557,59
224990639,-0.8636470512290784,0.19399858403803502,-0.2669202469242795,177
223465270,-1.1935603567639086,-0.7653727252281208,-0.9253323014982296,123
228180045,0.7859194764450727,0.8107372828519923,1.1815862731384108,8
224493448,-0.26980310126638407,-0.491266636866362,-0.33276145238167454,134
229530022,-0.4017684234803161,-0.4227401147759223,-0.5961262742112545,102
228962397,0.5219888320172085,0.19399858403803502,0.25980939673488057,186
228730716,-0.5337337456942483,0.3995781503093541,0.5890154240218557,70
222330663,0.6539541542311406,-0.491266636866362,-0.5302850687538596,109
227738324,0.1260928653754122,0.1254720619475953,0.45733301310706564,106
225016935,-0.5337337456942483,-0.6283196810472415,-0.7278086851260446,157
223118190,-0.9296297123360444,-1.4506379461325178,-1.2545383287852048,48
227049073,0.5879714931241745,0.26252510612847474,0.3914918076496706,161
222808416,-0.9296297123360444,-0.1486340264141635,0.25980939673488057,157
228764183,-0.26980310126638407,0.6051577165806732,0.7206978349366456,122
223947023,-0.005872456838519888,-0.2856870705950429,-0.5302850687538596,141
221615202,-1.1275776956569425,-0.7653727252281208,-0.8594910960408346,106
224669632,-0.005872456838519888,0.19399858403803502,0.12812698582009055,3
224220959,-2.051334951154467,-1.7247440344942766,-1.6495855615295747,88
224044594,0.3900235098032764,0.6736842386711129,0.9182214513088307,114
228790671,1.8416420541565293,1.084843371213751,0.9182214513088307,184
224586176,-1.3255256789778407,-0.9024257694090002,-0.7278086851260446,97
229727898,0.7199368153381066,1.4274759816659497,1.0499038622236208,63
221045370,0.6539541542311406,1.084843371213751,0.9182214513088307,27
221018941,-0.9296297123360444,-0.6968462031376811,-0.39860265783906956,140
223041194,1.6436940708356311,0.8107372828519923,0.7206978349366456,1
227826820,-2.249282934475365,-1.2450583798611987,-1.5837443560721798,2
221438304,0.3900235098032764,0.6736842386711129,0.5890154240218557,128
229378065,-3.1070575288659237,-2.135903167036915,-2.37383882156092,13
225601047,0.1260928653754122,-0.2856870705950429,-0.46444386329646453,158
225073760,-0.9296297123360444,-0.2856870705950429,-0.46444386329646453,65
227521238,-1.1935603567639086,-0.491266636866362,-0.5302850687538596,127
223432391,-0.4017684234803161,-0.2171605485046032,0.12812698582009055,63
225544303,-0.005872456838519888,0.33105162821891443,0.062285780362695546,40
226281204,1.511728748621699,1.0163168491233114,0.5890154240218557,98
229218477,-1.5894563234057049,-1.176531857770759,-1.1228559178704147,2
225837074,-0.5997164068012143,-0.08010750432372381,0.3256506021922756,133
227973338,0.2580581875893443,0.05694553985715561,0.12812698582009055,187
224729539,0.2580581875893443,1.0163168491233114,0.8523802458514357,92
226165996,0.19207552648237824,-0.6283196810472415,-0.9253323014982296,152
229599426,-0.9296297123360444,-0.97095229149944,-0.7278086851260446,70
221908132,0.060110204268446155,0.26252510612847474,-0.0035554250946994654,172
228549957,0.6539541542311406,0.7422107607615527,0.3256506021922756,159
225198581,1.379763426407767,1.7015820700277084,1.774157122254966,106
229965670,1.0498501208729367,1.084843371213751,1.2474274785958057,183
223809036,0.45600617091024237,0.4681046723997938,0.6548566294792506,66
223048034,0.5879714931241745,0.8107372828519923,0.3914918076496706,94
222209332,-0.13783777905245198,0.33105162821891443,0.45733301310706564,159
222475113,-1.655438984512671,-1.656217512403837,-1.8471091779017599,198
221104212,1.577711409728665,0.3995781503093541,0.062285780362695546,78
229461766,-0.46775108458728215,-1.0394788135898796,-1.1228559178704147,167
227979130,-0.9956123734430105,-2.6155888216699927,-2.1104739997313398,131
227015330,-1.3915083400848067,-1.5191644682229575,-1.2545383287852048,68
221837061,-0.7976643901221123,-0.35421359268548264,-0.06939663055209448,21
224630195,1.379763426407767,1.0163168491233114,0.5231742185644607,136
221663378,0.3900235098032764,0.7422107607615527,0.9840626567662257,37
221035445,1.8416420541565293,1.153369893304191,1.2474274785958057,86
226278762,-1.3915083400848067,-0.6968462031376811,-0.2669202469242795,69
226155253,-0.3357857623733501,0.05694553985715561,0.5231742185644607,60
223886912,-0.4017684234803161,0.19399858403803502,-0.0035554250946994654,134
221363174,0.7199368153381066,1.4960025037563893,1.3132686840532009,73
225957129,1.2477981041938349,1.4274759816659497,1.5766335058827807,53
227248604,0.7859194764450727,1.4274759816659497,1.6424747113401759,142
229511728,-1.1275776956569425,-1.176531857770759,-1.1228559178704147,167
226600267,0.32404084869631034,1.2218964153946306,0.9182214513088307,12
226299924,-1.1935603567639086,-0.7653727252281208,-1.0570147124130196,44
221173482,-0.26980310126638407,-0.1486340264141635,-0.6619674796686495,85
229706989,-0.6656990679081803,-0.08010750432372381,0.12812698582009055,86
228781971,-0.07185511794548592,-0.0115809822332841,0.5231742185644607,115
225798295,0.19207552648237824,1.153369893304191,0.8523802458514357,38
221311958,0.1260928653754122,-1.0394788135898796,-0.9911735069556247,35
226905038,-0.3357857623733501,-0.6283196810472415,-0.7278086851260446,72
227570846,0.5219888320172085,1.153369893304191,1.3791098895105958,151
222633815,-0.13783777905245198,-0.6283196810472415,-0.6619674796686495,135
225390264,0.7199368153381066,0.8792638049424321,1.3791098895105958,57
222030291,-0.5337337456942483,-1.3135849019516386,-1.5179031506147846,74
226954517,-0.4017684234803161,-0.35421359268548264,0.3914918076496706,85
227465529,0.45600617091024237,-0.35421359268548264,-0.7278086851260446,8
222634217,0.5879714931241745,0.8792638049424321,0.7206978349366456,132
226075796,-0.5337337456942483,-0.8338992473185606,-0.9911735069556247,123
226068993,-0.005872456838519888,0.5366311944902336,0.3256506021922756,36
229401059,-1.787404306726603,-1.176531857770759,-1.4520619451573897,58
222256750,-0.13783777905245198,-0.7653727252281208,-1.1228559178704147,145
229819899,-2.8431268844380595,-1.7247440344942766,-2.1104739997313398,17
228782928,0.5219888320172085,0.5366311944902336,0.5231742185644607,158
223860379,-1.721421645619637,-0.2856870705950429,-0.2669202469242795,32
225880017,1.577711409728665,1.084843371213751,1.0499038622236208,41
229470301,1.6436940708356311,1.084843371213751,1.1157450676810157,162
222171840,-0.13783777905245198,-1.0394788135898796,-1.1886971233278096,130
228876041,-0.46775108458728215,0.19399858403803502,-0.0035554250946994654,141
229868882,0.9178847986590046,0.3995781503093541,0.062285780362695546,182
227664562,0.32404084869631034,-0.1486340264141635,-0.06939663055209448,133
228209060,-0.3357857623733501,-0.08010750432372381,-0.33276145238167454,12
223385437,1.379763426407767,1.084843371213751,1.6424747113401759,32
229057951,1.0498501208729367,-0.1486340264141635,-0.46444386329646453,125
229169225,-0.26980310126638407,-0.35421359268548264,-0.8594910960408346,101
223797761,2.0395900374774274,1.9071616362990276,1.8399983277123608,81
227134173,0.5879714931241745,-0.08010750432372381,-0.2010790414668845,5
223300542,-0.07185511794548592,0.6736842386711129,0.8523802458514357,56
228153617,-0.9296297123360444,-1.3821114240420782,-1.4520619451573897,104
223840564,1.379763426407767,0.26252510612847474,0.25980939673488057,19
226718446,-0.8636470512290784,-0.491266636866362,-0.9911735069556247,196
228293111,0.9838674597659707,1.153369893304191,1.2474274785958057,61
225669585,-1.787404306726603,-1.861797078675156,-1.97879158881655,29
226481598,0.32404084869631034,0.1254720619475953,0.7865390403940407,172
222272645,2.0395900374774274,1.6330555479372688,1.5107923004253858,16
222536425,1.0498501208729367,0.8792638049424321,1.3132686840532009,11
227583070,-0.46775108458728215,-1.1080053356803194,-1.0570147124130196,153
224881202,-0.3357857623733501,-1.861797078675156,-1.7812679724443647,70
221572803,0.7859194764450727,0.33105162821891443,0.25980939673488057,178
225553517,-1.1275776956569425,-1.2450583798611987,-1.1228559178704147,35
225432892,-0.46775108458728215,-0.7653727252281208,-1.3862207396999948,118
227407300,0.2580581875893443,0.19399858403803502,0.5231742185644607,151
223774441,1.0498501208729367,1.0163168491233114,0.6548566294792506,19
223465464,1.577711409728665,1.4274759816659497,0.9182214513088307,79
227738060,-1.5234736622987388,-0.491266636866362,-0.46444386329646453,105
225391433,0.9178847986590046,-0.35421359268548264,-0.1352378360094895,43
225944788,0.9838674597659707,0.8792638049424321,1.0499038622236208,108
222677588,-0.5997164068012143,-0.5597931589568017,-0.9253323014982296,176
223561693,-0.46775108458728215,0.19399858403803502,0.7865390403940407,85
228980623,-0.13783777905245198,0.4681046723997938,0.3914918076496706,168
227839560,-0.203820440159418,-0.35421359268548264,-0.1352378360094895,152
223114660,0.32404084869631034,0.05694553985715561,0.12812698582009055,148
226898876,-0.13783777905245198,0.26252510612847474,0.19396819127748557,95
229285724,-0.7316817290151464,-1.5876909903133973,-1.5837443560721798,141
229886411,-0.9956123734430105,-1.2450583798611987,-0.9253323014982296,92
225318874,-0.26980310126638407,0.4681046723997938,0.7865390403940407,25
226107385,1.7756593930495632,2.112741202570347,1.774157122254966,33
222729474,-0.7976643901221123,0.19399858403803502,-0.5961262742112545,159
222728067,0.19207552648237824,-0.2856870705950429,0.3914918076496706,160
224847520,-1.4574910011917728,-1.2450583798611987,-1.3203795342425997,67
221464843,1.313780765300801,1.084843371213751,1.5107923004253858,106
226097703,1.2477981041938349,1.5645290258468292,1.1157450676810157,109
229403406,-1.0615950345499765,-0.1486340264141635,0.3256506021922756,112
226909452,1.445746087514733,0.33105162821891443,0.45733301310706564,51
222164811,-0.46775108458728215,-0.491266636866362,0.062285780362695546,67
227463433,-2.249282934475365,-2.410009255398674,-1.97879158881655,10
228895202,-1.9853522900475011,-2.7526418658508724,-2.703044848847895,5
222706286,-0.203820440159418,0.6051577165806732,0.7206978349366456,109
229311026,0.060110204268446155,-1.0394788135898796,-0.33276145238167454,52
224052958,-0.07185511794548592,0.6051577165806732,0.9182214513088307,66
223104456,1.2477981041938349,1.0163168491233114,1.3791098895105958,135
225337171,0.45600617091024237,0.6051577165806732,0.3914918076496706,118
222915097,-2.117317612261433,-1.4506379461325178,-1.7812679724443647,71
221334709,1.7756593930495632,2.112741202570347,2.103363149541941,154
226745849,0.060110204268446155,1.0163168491233114,1.0499038622236208,89
221269487,1.445746087514733,0.5366311944902336,0.5890154240218557,164
226137241,-0.5997164068012143,-1.4506379461325178,-1.1228559178704147,111
228200548,0.8519021375520386,1.0163168491233114,1.5107923004253858,20
228823456,0.060110204268446155,0.3995781503093541,0.25980939673488057,125
228134438,0.2580581875893443,-0.35421359268548264,0.12812698582009055,18
221494029,-1.0615950345499765,-1.861797078675156,-1.3203795342425997,181
225760026,0.19207552648237824,1.0163168491233114,0.9182214513088307,197
224087523,-0.9296297123360444,-0.5597931589568017,-0.1352378360094895,141
226609085,-1.2595430178708746,-0.491266636866362,-0.1352378360094895,87
223947716,-1.3255256789778407,-0.5597931589568017,-0.8594910960408346,191
223667661,0.1260928653754122,0.05694553985715561,-0.1352378360094895,11
227284438,2.2375380207983255,2.112741202570347,2.103363149541941,32
229868095,-1.4574910011917728,-0.5597931589568017,-1.0570147124130196,50
221225297,-0.5997164068012143,0.5366311944902336,0.7865390403940407,101
227753628,1.6436940708356311,1.838635114208588,1.5107923004253858,29
223939470,0.19207552648237824,0.05694553985715561,-0.06939663055209448,160
225209739,-2.051334951154467,-1.1080053356803194,-1.4520619451573897,198
227180801,0.3900235098032764,-0.2171605485046032,-0.1352378360094895,175
229002248,-0.7976643901221123,-0.2856870705950429,-0.2010790414668845,144
226938215,0.5219888320172085,0.05694553985715561,0.062285780362695546,195
228067657,0.5219888320172085,-0.35421359268548264,-0.5302850687538596,33
226907222,-0.13783777905245198,-0.9024257694090002,-1.0570147124130196,126
224977462,-0.07185511794548592,-0.5597931589568017,0.19396819127748557,31
222273726,-1.3255256789778407,-1.7932705565847165,-1.5837443560721798,199
221139613,-1.1935603567639086,-0.9024257694090002,-1.1228559178704147,28
223046616,0.060110204268446155,0.33105162821891443,0.12812698582009055,88
222307094,-0.26980310126638407,-0.8338992473185606,-0.39860265783906956,28
226978536,-0.3357857623733501,0.1254720619475953,0.3256506021922756,188
223241568,0.2580581875893443,0.3995781503093541,0.3914918076496706,52
226595483,2.1055726985843934,1.2218964153946306,1.444951094967991,26
226999460,0.2580581875893443,-0.4227401147759223,-0.6619674796686495,63
222743868,0.060110204268446155,-0.8338992473185606,-0.9911735069556247,192
227157316,-0.5997164068012143,-0.7653727252281208,-0.7278086851260446,169
224480278,1.2477981041938349,0.8107372828519923,1.1157450676810157,38
226862612,0.7199368153381066,-0.08010750432372381,0.062285780362695546,192
224802898,0.3900235098032764,-0.2171605485046032,0.25980939673488057,61
222023387,0.7859194764450727,1.4960025037563893,1.8399983277123608,48
221114210,0.9838674597659707,-0.2171605485046032,-0.2669202469242795,22
227289085,-0.3357857623733501,-0.491266636866362,-0.46444386329646453,126
226826874,-0.5337337456942483,-0.08010750432372381,-0.46444386329646453,27
228937053,-0.7976643901221123,-0.5597931589568017,-0.6619674796686495,103
221577024,1.0498501208729367,0.8792638049424321,0.7865390403940407,42
221400024,-1.1275776956569425,-0.7653727252281208,-0.5302850687538596,6
226125377,-1.1275776956569425,-1.3135849019516386,-1.0570147124130196,150
226861304,-0.5997164068012143,0.3995781503093541,0.3256506021922756,188
227674949,1.8416420541565293,0.26252510612847474,0.19396819127748557,128
229246681,0.5879714931241745,0.5366311944902336,0.9840626567662257,193
222114663,0.5219888320172085,0.33105162821891443,0.25980939673488057,124
222425376,-0.5337337456942483,-1.176531857770759,-0.9253323014982296,92
229927298,-0.26980310126638407,-0.0115809822332841,0.062285780362695546,13
222783695,0.3900235098032764,-0.8338992473185606,-0.39860265783906956,155
227222808,1.1818154430868688,1.2218964153946306,0.8523802458514357,30
221396842,1.7096767319425972,2.112741202570347,2.103363149541941,139
221552028,-1.3915083400848067,-0.4227401147759223,-0.5961262742112545,0
227234869,0.5879714931241745,0.8107372828519923,0.19396819127748557,131
229685091,-0.6656990679081803,-0.7653727252281208,-0.2669202469242795,49
223659563,-1.1935603567639086,-1.0394788135898796,-0.9911735069556247,122
226728733,2.2375380207983255,2.112741202570347,2.103363149541941,58
228551526,-0.07185511794548592,0.4681046723997938,0.45733301310706564,22
225040003,0.3900235098032764,-0.8338992473185606,-0.6619674796686495,74
221642313,-0.26980310126638407,0.05694553985715561,0.25980939673488057,122
226491988,-0.005872456838519888,-0.08010750432372381,-0.2669202469242795,180
228230937,-0.203820440159418,-0.4227401147759223,-0.5302850687538596,42
228914538,0.1260928653754122,0.4681046723997938,-0.06939663055209448,178
227337322,0.5879714931241745,1.0163168491233114,0.7865390403940407,59
227748248,1.511728748621699,2.112741202570347,2.103363149541941,184
221304638,0.7859194764450727,0.19399858403803502,0.062285780362695546,179
227019106,-0.8636470512290784,-1.3135849019516386,-0.5302850687538596,96
223815647,-1.1275776956569425,-0.2856870705950429,-0.46444386329646453,15
229697005,-0.7976643901221123,-0.4227401147759223,-0.06939663055209448,145
229036773,-0.13783777905245198,0.8792638049424321,0.5890154240218557,174
224204959,-0.4017684234803161,-0.491266636866362,-0.5302850687538596,73
224402089,-0.26980310126638407,-0.2856870705950429,-0.6619674796686495,174
222164023,-0.7316817290151464,-1.9303236007655957,-1.3203795342425997,138
224496563,1.6436940708356311,1.7701085921181483,1.7083159167975708,60
223430746,-3.83286680104255,-3.0952744763030706,-2.966409670677475,8
227623009,0.9838674597659707,0.6051577165806732,0.6548566294792506,194
229591270,0.8519021375520386,1.084843371213751,1.1815862731384108,55
223932944,0.7859194764450727,1.2218964153946306,1.5107923004253858,188
225481515,0.5219888320172085,0.3995781503093541,0.9182214513088307,150
224133928,-0.5997164068012143,-1.2450583798611987,-0.9253323014982296,138
229063142,-1.721421645619637,-0.6968462031376811,-1.1228559178704147,104
221706910,0.9838674597659707,0.3995781503093541,0.5231742185644607,7
228883136,-1.4574910011917728,-1.656217512403837,-1.5179031506147846,164
222573369,0.060110204268446155,1.153369893304191,0.9840626567662257,58
223578342,1.313780765300801,0.8107372828519923,0.45733301310706564,65
223415207,-0.07185511794548592,0.8792638049424321,0.6548566294792506,185
221665737,-0.7316817290151464,0.4681046723997938,0.5231742185644607,20
224439593,-0.26980310126638407,0.19399858403803502,0.3914918076496706,163
229034328,-0.203820440159418,-0.4227401147759223,-0.39860265783906956,171
228017568,1.445746087514733,2.044214680479907,1.774157122254966,125
228984974,-0.26980310126638407,-0.97095229149944,-0.8594910960408346,22
221490967,-0.46775108458728215,0.1254720619475953,-0.2010790414668845,167
222812014,0.1260928653754122,0.6051577165806732,0.5890154240218557,120
229002297,0.7199368153381066,1.153369893304191,1.1815862731384108,136
